ID	Description	GeneRatio	BgRatio	RichFactor	FoldEnrichment	zScore	pvalue	p.adjust	qvalue	geneID	Count
REACTOME_REGULATION_OF_PTEN_GENE_TRANSCRIPTION	Regulation of PTEN gene transcription	2/26	61/11369	0.03278688524590164	14.336696090794451	5.000172794596341	0.008471943917182402	0.3187131140673967	0.2908584189219603	EGR1/SNAI1	2
REACTOME_ZINC_EFFLUX_AND_COMPARTMENTALIZATION_BY_THE_SLC30_FAMILY	Zinc efflux and compartmentalization by the SLC30 family	1/26	5/11369	0.2	87.45384615384616	9.256961318107724	0.011384416007179432	0.3187131140673967	0.2908584189219603	SLC30A1	1
REACTOME_EPITHELIAL_MESENCHYMAL_TRANSITION_EMT_DURING_GASTRULATION	Epithelial-Mesenchymal Transition (EMT) during gastrulation	1/26	7/11369	0.14285714285714285	62.467032967032964	7.7880479730516905	0.015903199744359275	0.3187131140673967	0.2908584189219603	SNAI1	1
REACTOME_RHO_GTPASES_ACTIVATE_PKNS	RHO GTPases activate PKNs	2/26	93/11369	0.021505376344086023	9.403639371381308	3.895794930931063	0.018939275307139014	0.3187131140673967	0.2908584189219603	YWHAG/H3C13	2
REACTOME_MITOCHONDRIAL_TRANSLATION	Mitochondrial translation	2/26	96/11369	0.020833333333333332	9.10977564102564	3.820229403512451	0.02010349565230169	0.3187131140673967	0.2908584189219603	MRPL41/MRPL50	2
REACTOME_REGULATION_OF_CDH11_GENE_TRANSCRIPTION	Regulation of CDH11 gene transcription	1/26	10/11369	0.1	43.72692307692308	6.4713711645044025	0.02264415724943747	0.3187131140673967	0.2908584189219603	SNAI1	1
REACTOME_SYNTHESIS_OF_PYROPHOSPHATES_IN_THE_CYTOSOL	Synthesis of pyrophosphates in the cytosol	1/26	10/11369	0.1	43.72692307692308	6.4713711645044025	0.02264415724943747	0.3187131140673967	0.2908584189219603	NUDT11	1
REACTOME_SLBP_DEPENDENT_PROCESSING_OF_REPLICATION_DEPENDENT_HISTONE_PRE_MRNAS	SLBP Dependent Processing of Replication-Dependent Histone Pre-mRNAs	1/26	11/11369	0.09090909090909091	39.75174825174825	6.156040252857293	0.024881260155635965	0.3187131140673967	0.2908584189219603	LSM11	1
REACTOME_REGULATION_OF_LOCALIZATION_OF_FOXO_TRANSCRIPTION_FACTORS	Regulation of localization of FOXO transcription factors	1/26	12/11369	0.08333333333333333	36.43910256410256	5.880391837969951	0.027113438993103034	0.3187131140673967	0.2908584189219603	YWHAG	1
REACTOME_SARS_COV_2_TARGETS_HOST_INTRACELLULAR_SIGNALLING_AND_REGULATORY_PATHWAYS	SARS-CoV-2 targets host intracellular signalling and regulatory pathways	1/26	12/11369	0.08333333333333333	36.43910256410256	5.880391837969951	0.027113438993103034	0.3187131140673967	0.2908584189219603	YWHAG	1
REACTOME_TRANSLATION	Translation	3/26	295/11369	0.010169491525423728	4.446805736636245	2.8717081180535375	0.028932408107597098	0.3187131140673967	0.2908584189219603	MRPL41/MRPL50/MARS2	3
REACTOME_ACTIVATION_OF_ANTERIOR_HOX_GENES_IN_HINDBRAIN_DEVELOPMENT_DURING_EARLY_EMBRYOGENESIS	Activation of anterior HOX genes in hindbrain development during early embryogenesis	2/26	122/11369	0.01639344262295082	7.1683480453972255	3.2794059380586047	0.03138429357580867	0.3187131140673967	0.2908584189219603	PAGR1/H3C13	2
REACTOME_PTEN_REGULATION	PTEN Regulation	2/26	126/11369	0.015873015873015872	6.94078144078144	3.2103507389054387	0.03329931510842836	0.3187131140673967	0.2908584189219603	EGR1/SNAI1	2
REACTOME_ACTIVATION_OF_BAD_AND_TRANSLOCATION_TO_MITOCHONDRIA	Activation of BAD and translocation to mitochondria	1/26	15/11369	0.06666666666666667	29.15128205128205	5.223169300869121	0.03378053504487977	0.3187131140673967	0.2908584189219603	YWHAG	1
REACTOME_CHK1_CHK2_CDS1_MEDIATED_INACTIVATION_OF_CYCLIN_B_CDK1_COMPLEX	Chk1/Chk2(Cds1) mediated inactivation of Cyclin B:Cdk1 complex	1/26	15/11369	0.06666666666666667	29.15128205128205	5.223169300869121	0.03378053504487977	0.3187131140673967	0.2908584189219603	YWHAG	1
REACTOME_ZINC_TRANSPORTERS	Zinc transporters	1/26	15/11369	0.06666666666666667	29.15128205128205	5.223169300869121	0.03378053504487977	0.3187131140673967	0.2908584189219603	SLC30A1	1
REACTOME_MRNA_DECAY_BY_3_TO_5_EXORIBONUCLEASE	mRNA decay by 3' to 5' exoribonuclease	1/26	16/11369	0.0625	27.329326923076923	5.045557616393741	0.03599312145397193	0.3187131140673967	0.2908584189219603	EXOSC6	1
REACTOME_SARS_COV_1_TARGETS_HOST_INTRACELLULAR_SIGNALLING_AND_REGULATORY_PATHWAYS	SARS-CoV-1 targets host intracellular signalling and regulatory pathways	1/26	16/11369	0.0625	27.329326923076923	5.045557616393741	0.03599312145397193	0.3187131140673967	0.2908584189219603	YWHAG	1
REACTOME_EPIGENETIC_REGULATION_OF_GENE_EXPRESSION_BY_MLL3_AND_MLL4_COMPLEXES	Epigenetic regulation of gene expression by MLL3 and MLL4 complexes	2/26	134/11369	0.014925373134328358	6.526406429391504	3.08087034819822	0.03726404088273123	0.3187131140673967	0.2908584189219603	PAGR1/H3C13	2
REACTOME_BUTYRATE_RESPONSE_FACTOR_1_BRF1_BINDS_AND_DESTABILIZES_MRNA	Butyrate Response Factor 1 (BRF1) binds and destabilizes mRNA	1/26	17/11369	0.058823529411764705	25.721719457013574	4.883505527224168	0.03820083561253762	0.3187131140673967	0.2908584189219603	EXOSC6	1
REACTOME_KSRP_KHSRP_BINDS_AND_DESTABILIZES_MRNA	KSRP (KHSRP) binds and destabilizes mRNA	1/26	17/11369	0.058823529411764705	25.721719457013574	4.883505527224168	0.03820083561253762	0.3187131140673967	0.2908584189219603	EXOSC6	1
REACTOME_TRISTETRAPROLIN_TTP_ZFP36_BINDS_AND_DESTABILIZES_MRNA	Tristetraprolin (TTP, ZFP36) binds and destabilizes mRNA	1/26	17/11369	0.058823529411764705	25.721719457013574	4.883505527224168	0.03820083561253762	0.3187131140673967	0.2908584189219603	EXOSC6	1
REACTOME_PROSTACYCLIN_SIGNALLING_THROUGH_PROSTACYCLIN_RECEPTOR	Prostacyclin signalling through prostacyclin receptor	1/26	19/11369	0.05263157894736842	23.01417004048583	4.597756074184149	0.0426016883601823	0.3187131140673967	0.2908584189219603	GNG11	1
REACTOME_G_BETA_GAMMA_SIGNALLING_THROUGH_CDC42	G beta:gamma signalling through CDC42	1/26	20/11369	0.05	21.86346153846154	4.470821242894701	0.04479484748816798	0.3187131140673967	0.2908584189219603	GNG11	1
REACTOME_MATURATION_OF_TCA_ENZYMES_AND_REGULATION_OF_TCA_CYCLE	Maturation of TCA enzymes and regulation of TCA cycle	1/26	20/11369	0.05	21.86346153846154	4.470821242894701	0.04479484748816798	0.3187131140673967	0.2908584189219603	SDHAF1	1
REACTOME_RHOA_GTPASE_CYCLE	RHOA GTPase cycle	2/26	149/11369	0.013422818791946308	5.869385647909137	2.8644128775510893	0.04516007762892669	0.3187131140673967	0.2908584189219603	SOWAHC/STBD1	2
REACTOME_MITOCHONDRIAL_TRNA_AMINOACYLATION	Mitochondrial tRNA aminoacylation	1/26	21/11369	0.047619047619047616	20.822344322344318	4.352810293851787	0.04698317544352115	0.3187131140673967	0.2908584189219603	MARS2	1
REACTOME_PRESYNAPTIC_FUNCTION_OF_KAINATE_RECEPTORS	Presynaptic function of Kainate receptors	1/26	21/11369	0.047619047619047616	20.822344322344318	4.352810293851787	0.04698317544352115	0.3187131140673967	0.2908584189219603	GNG11	1
REACTOME_ADP_SIGNALLING_THROUGH_P2Y_PURINOCEPTOR_12	ADP signalling through P2Y purinoceptor 12	1/26	22/11369	0.045454545454545456	19.875874125874127	4.2427029496969535	0.04916668244373856	0.3187131140673967	0.2908584189219603	GNG11	1
REACTOME_G_PROTEIN_ACTIVATION	G-protein activation	1/26	24/11369	0.041666666666666664	18.21955128205128	4.042871532624157	0.053519274345236734	0.3187131140673967	0.2908584189219603	GNG11	1
REACTOME_METAL_ION_SLC_TRANSPORTERS	Metal ion SLC transporters	1/26	24/11369	0.041666666666666664	18.21955128205128	4.042871532624157	0.053519274345236734	0.3187131140673967	0.2908584189219603	SLC30A1	1
REACTOME_THROMBOXANE_SIGNALLING_THROUGH_TP_RECEPTOR	Thromboxane signalling through TP receptor	1/26	24/11369	0.041666666666666664	18.21955128205128	4.042871532624157	0.053519274345236734	0.3187131140673967	0.2908584189219603	GNG11	1
REACTOME_EPIGENETIC_REGULATION_BY_WDR5_CONTAINING_HISTONE_MODIFYING_COMPLEXES	Epigenetic regulation by WDR5-containing histone modifying complexes	2/26	166/11369	0.012048192771084338	5.268303985171456	2.6522041995694536	0.054788455601649924	0.3187131140673967	0.2908584189219603	PAGR1/H3C13	2
REACTOME_ADP_SIGNALLING_THROUGH_P2Y_PURINOCEPTOR_1	ADP signalling through P2Y purinoceptor 1	1/26	25/11369	0.04	17.49076923076923	3.9517780997861163	0.055688379578116454	0.3187131140673967	0.2908584189219603	GNG11	1
REACTOME_G_BETA_GAMMA_SIGNALLING_THROUGH_PI3KGAMMA	G beta:gamma signalling through PI3Kgamma	1/26	25/11369	0.04	17.49076923076923	3.9517780997861163	0.055688379578116454	0.3187131140673967	0.2908584189219603	GNG11	1
REACTOME_A_TETRASACCHARIDE_LINKER_SEQUENCE_IS_REQUIRED_FOR_GAG_SYNTHESIS	A tetrasaccharide linker sequence is required for GAG synthesis	1/26	27/11369	0.037037037037037035	16.195156695156694	3.7844867057085745	0.06001225928265086	0.3187131140673967	0.2908584189219603	B3GALT6	1
REACTOME_ATF4_ACTIVATES_GENES_IN_RESPONSE_TO_ENDOPLASMIC_RETICULUM_STRESS	ATF4 activates genes in response to endoplasmic reticulum  stress	1/26	27/11369	0.037037037037037035	16.195156695156694	3.7844867057085745	0.06001225928265086	0.3187131140673967	0.2908584189219603	EXOSC6	1
REACTOME_ADRENALINE_NORADRENALINE_INHIBITS_INSULIN_SECRETION	Adrenaline,noradrenaline inhibits insulin secretion	1/26	28/11369	0.03571428571428571	15.616758241758241	3.707397431632134	0.062167053962482344	0.3187131140673967	0.2908584189219603	GNG11	1
REACTOME_PROCESSING_OF_CAPPED_INTRONLESS_PRE_MRNA	Processing of Capped Intronless Pre-mRNA	1/26	29/11369	0.034482758620689655	15.078249336870027	3.6341752361681636	0.06431709863199786	0.3187131140673967	0.2908584189219603	LSM11	1
REACTOME_ACTIVATION_OF_BH3_ONLY_PROTEINS	Activation of BH3-only proteins	1/26	30/11369	0.03333333333333333	14.575641025641024	3.5644976746496964	0.06646240334412923	0.3187131140673967	0.2908584189219603	YWHAG	1
REACTOME_ACTIVATION_OF_KAINATE_RECEPTORS_UPON_GLUTAMATE_BINDING	Activation of kainate receptors upon glutamate binding	1/26	30/11369	0.03333333333333333	14.575641025641024	3.5644976746496964	0.06646240334412923	0.3187131140673967	0.2908584189219603	GNG11	1
REACTOME_G_PROTEIN_BETA_GAMMA_SIGNALLING	G-protein beta:gamma signalling	1/26	32/11369	0.03125	13.664663461538462	3.4346644104183293	0.07073883300604922	0.3187131140673967	0.2908584189219603	GNG11	1
REACTOME_PERK_REGULATES_GENE_EXPRESSION	PERK regulates gene expression	1/26	32/11369	0.03125	13.664663461538462	3.4346644104183293	0.07073883300604922	0.3187131140673967	0.2908584189219603	EXOSC6	1
REACTOME_REGULATION_OF_HOMOTYPIC_CELL_CELL_ADHESION	Regulation of Homotypic Cell-Cell Adhesion	1/26	32/11369	0.03125	13.664663461538462	3.4346644104183293	0.07073883300604922	0.3187131140673967	0.2908584189219603	SNAI1	1
REACTOME_THROMBIN_SIGNALLING_THROUGH_PROTEINASE_ACTIVATED_RECEPTORS_PARS	Thrombin signalling through proteinase activated receptors (PARs)	1/26	32/11369	0.03125	13.664663461538462	3.4346644104183293	0.07073883300604922	0.3187131140673967	0.2908584189219603	GNG11	1
REACTOME_GLUCAGON_SIGNALING_IN_METABOLIC_REGULATION	Glucagon signaling in metabolic regulation	1/26	33/11369	0.030303030303030304	13.25058275058275	3.3740268938538924	0.07286997795990346	0.3187131140673967	0.2908584189219603	GNG11	1
REACTOME_GLUCAGON_TYPE_LIGAND_RECEPTORS	Glucagon-type ligand receptors	1/26	33/11369	0.030303030303030304	13.25058275058275	3.3740268938538924	0.07286997795990346	0.3187131140673967	0.2908584189219603	GNG11	1
REACTOME_SIGNAL_AMPLIFICATION	Signal amplification	1/26	33/11369	0.030303030303030304	13.25058275058275	3.3740268938538924	0.07286997795990346	0.3187131140673967	0.2908584189219603	GNG11	1
REACTOME_CITRIC_ACID_CYCLE_TCA_CYCLE	Citric acid cycle (TCA cycle)	1/26	34/11369	0.029411764705882353	12.860859728506787	3.3159624693340373	0.07499642296458242	0.3187131140673967	0.2908584189219603	SDHAF1	1
REACTOME_INWARDLY_RECTIFYING_K_CHANNELS	Inwardly rectifying K+ channels	1/26	35/11369	0.02857142857142857	12.493406593406593	3.2602877268144446	0.07711817797145648	0.3187131140673967	0.2908584189219603	GNG11	1
REACTOME_NUCLEAR_RNA_DECAY	Nuclear RNA decay	1/26	35/11369	0.02857142857142857	12.493406593406593	3.2602877268144446	0.07711817797145648	0.3187131140673967	0.2908584189219603	EXOSC6	1
REACTOME_INTERLEUKIN_7_SIGNALING	Interleukin-7 signaling	1/26	36/11369	0.027777777777777776	12.146367521367521	3.2068371422865916	0.07923525291170253	0.3187131140673967	0.2908584189219603	H3C13	1
REACTOME_COOPERATION_OF_PDCL_PHLP1_AND_TRIC_CCT_IN_G_PROTEIN_BETA_FOLDING	Cooperation of PDCL (PhLP1) and TRiC/CCT in G-protein beta folding	1/26	38/11369	0.02631578947368421	11.507085020242915	3.1060229860737105	0.08345540221627423	0.3187131140673967	0.2908584189219603	GNG11	1
REACTOME_MRNA_SPLICING	mRNA Splicing	2/26	212/11369	0.009433962264150943	4.1251814223512335	2.1990453630717783	0.08398500926123413	0.3187131140673967	0.2908584189219603	LENG1/SF3B5	2
REACTOME_NGF_STIMULATED_TRANSCRIPTION	NGF-stimulated transcription	1/26	39/11369	0.02564102564102564	11.212031558185403	3.0583996634291406	0.08555849634233292	0.3187131140673967	0.2908584189219603	EGR1	1
REACTOME_ESR_MEDIATED_SIGNALING	ESR-mediated signaling	2/26	220/11369	0.00909090909090909	3.975174825174825	2.133391761333917	0.08947101668990813	0.3187131140673967	0.2908584189219603	H3C13/GNG11	2
REACTOME_DISEASES_ASSOCIATED_WITH_GLYCOSAMINOGLYCAN_METABOLISM	Diseases associated with glycosaminoglycan metabolism	1/26	41/11369	0.024390243902439025	10.665103189493434	2.968154776091804	0.08975077279598831	0.3187131140673967	0.2908584189219603	B3GALT6	1
REACTOME_FORMATION_OF_WDR5_CONTAINING_HISTONE_MODIFYING_COMPLEXES	Formation of WDR5-containing histone-modifying complexes	1/26	42/11369	0.023809523809523808	10.411172161172159	2.925335311375419	0.09183997476520644	0.3187131140673967	0.2908584189219603	PAGR1	1
REACTOME_GLUCAGON_LIKE_PEPTIDE_1_GLP1_REGULATES_INSULIN_SECRETION	Glucagon-like Peptide-1 (GLP1) regulates insulin secretion	1/26	42/11369	0.023809523809523808	10.411172161172159	2.925335311375419	0.09183997476520644	0.3187131140673967	0.2908584189219603	GNG11	1
REACTOME_RHOF_GTPASE_CYCLE	RHOF GTPase cycle	1/26	42/11369	0.023809523809523808	10.411172161172159	2.925335311375419	0.09183997476520644	0.3187131140673967	0.2908584189219603	SOWAHC	1
REACTOME_TRNA_AMINOACYLATION	tRNA Aminoacylation	1/26	42/11369	0.023809523809523808	10.411172161172159	2.925335311375419	0.09183997476520644	0.3187131140673967	0.2908584189219603	MARS2	1
REACTOME_ADORA2B_MEDIATED_ANTI_INFLAMMATORY_CYTOKINES_PRODUCTION	ADORA2B mediated anti-inflammatory cytokines production	1/26	43/11369	0.023255813953488372	10.169051878354205	2.883932687577363	0.09392456562387208	0.3187131140673967	0.2908584189219603	GNG11	1
REACTOME_GABA_B_RECEPTOR_ACTIVATION	GABA B receptor activation	1/26	43/11369	0.023255813953488372	10.169051878354205	2.883932687577363	0.09392456562387208	0.3187131140673967	0.2908584189219603	GNG11	1
REACTOME_VASOPRESSIN_REGULATES_RENAL_WATER_HOMEOSTASIS_VIA_AQUAPORINS	Vasopressin regulates renal water homeostasis via Aquaporins	1/26	43/11369	0.023255813953488372	10.169051878354205	2.883932687577363	0.09392456562387208	0.3187131140673967	0.2908584189219603	GNG11	1
REACTOME_GPER1_SIGNALING	GPER1 signaling	1/26	45/11369	0.022222222222222223	9.717094017094016	2.8050641451172202	0.0980799530738089	0.3187131140673967	0.2908584189219603	GNG11	1
REACTOME_COMPLEX_IV_ASSEMBLY	Complex IV assembly	1/26	48/11369	0.020833333333333332	9.10977564102564	2.695577380517897	0.1042786945511267	0.3187131140673967	0.2908584189219603	HIGD2A	1
REACTOME_G_ALPHA_Z_SIGNALLING_EVENTS	G alpha (z) signalling events	1/26	48/11369	0.020833333333333332	9.10977564102564	2.695577380517897	0.1042786945511267	0.3187131140673967	0.2908584189219603	GNG11	1
REACTOME_INOSITOL_PHOSPHATE_METABOLISM	Inositol phosphate metabolism	1/26	48/11369	0.020833333333333332	9.10977564102564	2.695577380517897	0.1042786945511267	0.3187131140673967	0.2908584189219603	NUDT11	1
REACTOME_HDMS_DEMETHYLATE_HISTONES	HDMs demethylate histones	1/26	50/11369	0.02	8.745384615384616	2.627778174261689	0.10838840880983802	0.3187131140673967	0.2908584189219603	H3C13	1
REACTOME_MRNA_SPLICING_MINOR_PATHWAY	mRNA Splicing - Minor Pathway	1/26	50/11369	0.02	8.745384615384616	2.627778174261689	0.10838840880983802	0.3187131140673967	0.2908584189219603	SF3B5	1
REACTOME_CHONDROITIN_SULFATE_DERMATAN_SULFATE_METABOLISM	Chondroitin sulfate/dermatan sulfate metabolism	1/26	51/11369	0.0196078431372549	8.573906485671191	2.595284197022056	0.1104364608790086	0.3187131140673967	0.2908584189219603	B3GALT6	1
REACTOME_AQUAPORIN_MEDIATED_TRANSPORT	Aquaporin-mediated transport	1/26	52/11369	0.019230769230769232	8.409023668639053	2.56366772810046	0.11247998906571532	0.3187131140673967	0.2908584189219603	GNG11	1
REACTOME_RHOD_GTPASE_CYCLE	RHOD GTPase cycle	1/26	53/11369	0.018867924528301886	8.250362844702467	2.532887771145281	0.11451900296377082	0.3187131140673967	0.2908584189219603	STBD1	1
REACTOME_INTRINSIC_PATHWAY_FOR_APOPTOSIS	Intrinsic Pathway for Apoptosis	1/26	55/11369	0.01818181818181818	7.95034965034965	2.4736864552839632	0.11858352617171797	0.3187131140673967	0.2908584189219603	YWHAG	1
REACTOME_AEROBIC_RESPIRATION_AND_RESPIRATORY_ELECTRON_TRANSPORT	Aerobic respiration and respiratory electron transport	2/26	261/11369	0.007662835249042145	3.350722074860006	1.8393668036152542	0.1191448783484752	0.3187131140673967	0.2908584189219603	HIGD2A/SDHAF1	2
REACTOME_DEADENYLATION_DEPENDENT_MRNA_DECAY	Deadenylation-dependent mRNA decay	1/26	56/11369	0.017857142857142856	7.8083791208791204	2.445195520710351	0.12060905457188897	0.3187131140673967	0.2908584189219603	EXOSC6	1
REACTOME_GOLGI_ASSOCIATED_VESICLE_BIOGENESIS	Golgi Associated Vesicle Biogenesis	1/26	56/11369	0.017857142857142856	7.8083791208791204	2.445195520710351	0.12060905457188897	0.3187131140673967	0.2908584189219603	BLOC1S4	1
REACTOME_ADHERENS_JUNCTIONS_INTERACTIONS	Adherens junctions interactions	1/26	58/11369	0.017241379310344827	7.539124668435013	2.3902749122910616	0.12464669254487137	0.3187131140673967	0.2908584189219603	SNAI1	1
REACTOME_HEPARAN_SULFATE_HEPARIN_HS_GAG_METABOLISM	Heparan sulfate/heparin (HS-GAG) metabolism	1/26	58/11369	0.017241379310344827	7.539124668435013	2.3902749122910616	0.12464669254487137	0.3187131140673967	0.2908584189219603	B3GALT6	1
REACTOME_GABA_RECEPTOR_ACTIVATION	GABA receptor activation	1/26	60/11369	0.016666666666666666	7.287820512820512	2.337913290018104	0.12866650196281115	0.3187131140673967	0.2908584189219603	GNG11	1
REACTOME_NUCLEAR_EVENTS_KINASE_AND_TRANSCRIPTION_FACTOR_ACTIVATION	Nuclear Events (kinase and transcription factor activation)	1/26	61/11369	0.01639344262295082	7.1683480453972255	2.312627195987897	0.13066974459690506	0.3187131140673967	0.2908584189219603	EGR1	1
REACTOME_CA2_PATHWAY	Ca2+ pathway	1/26	62/11369	0.016129032258064516	7.052729528535981	2.287905891229491	0.1326685584137144	0.3187131140673967	0.2908584189219603	GNG11	1
REACTOME_TRANSCRIPTIONAL_AND_POST_TRANSLATIONAL_REGULATION_OF_MITF_M_EXPRESSION_AND_ACTIVITY	Transcriptional and post-translational regulation of MITF-M expression and activity	1/26	62/11369	0.016129032258064516	7.052729528535981	2.287905891229491	0.1326685584137144	0.3187131140673967	0.2908584189219603	YWHAG	1
REACTOME_PROCESSING_OF_CAPPED_INTRON_CONTAINING_PRE_MRNA	Processing of Capped Intron-Containing Pre-mRNA	2/26	283/11369	0.007067137809187279	3.0902419135634682	1.7047750198237597	0.13598346949669857	0.3187131140673967	0.2908584189219603	LENG1/SF3B5	2
REACTOME_DNA_METHYLATION	DNA methylation	1/26	64/11369	0.015625	6.832331730769231	2.2400703713739967	0.13665293717841331	0.3187131140673967	0.2908584189219603	H3C13	1
REACTOME_ACTIVATED_PKN1_STIMULATES_TRANSCRIPTION_OF_AR_ANDROGEN_RECEPTOR_REGULATED_GENES_KLK2_AND_KLK3	Activated PKN1 stimulates transcription of AR (androgen receptor) regulated genes KLK2 and KLK3	1/26	66/11369	0.015151515151515152	6.625291375291375	2.194243735092003	0.1406197132317617	0.3187131140673967	0.2908584189219603	H3C13	1
REACTOME_FOXO_MEDIATED_TRANSCRIPTION	FOXO-mediated transcription	1/26	66/11369	0.015151515151515152	6.625291375291375	2.194243735092003	0.1406197132317617	0.3187131140673967	0.2908584189219603	YWHAG	1
REACTOME_RNA_POLYMERASE_II_TRANSCRIPTION_TERMINATION	RNA Polymerase II Transcription Termination	1/26	67/11369	0.014925373134328358	6.526406429391504	2.1720374619237	0.14259652358794783	0.3187131140673967	0.2908584189219603	LSM11	1
REACTOME_SIRT1_NEGATIVELY_REGULATES_RRNA_EXPRESSION	SIRT1 negatively regulates rRNA expression	1/26	67/11369	0.014925373134328358	6.526406429391504	2.1720374619237	0.14259652358794783	0.3187131140673967	0.2908584189219603	H3C13	1
REACTOME_ASSEMBLY_OF_THE_ORC_COMPLEX_AT_THE_ORIGIN_OF_REPLICATION	Assembly of the ORC complex at the origin of replication	1/26	68/11369	0.014705882352941176	6.4304298642533935	2.1502797662850335	0.14456896124382423	0.3187131140673967	0.2908584189219603	H3C13	1
REACTOME_SIGNALING_BY_NUCLEAR_RECEPTORS	Signaling by Nuclear Receptors	2/26	294/11369	0.006802721088435374	2.9746206174777603	1.6422913499558152	0.14460232041220258	0.3187131140673967	0.2908584189219603	H3C13/GNG11	2
REACTOME_HIGH_LAMINAR_FLOW_SHEAR_STRESS_ACTIVATES_SIGNALING_BY_PIEZO1_AND_PECAM1_CDH5_KDR_IN_ENDOTHELIAL_CELLS	High laminar flow shear stress activates signaling by PIEZO1 and PECAM1:CDH5:KDR in endothelial cells	1/26	69/11369	0.014492753623188406	6.337235228539577	2.128954638065198	0.1465370354857195	0.3187131140673967	0.2908584189219603	GNG11	1
REACTOME_CHROMATIN_MODIFICATIONS_DURING_THE_MATERNAL_TO_ZYGOTIC_TRANSITION_MZT	Chromatin modifications during the maternal to zygotic transition (MZT)	1/26	70/11369	0.014285714285714285	6.246703296703297	2.108046863974819	0.14850075558106202	0.3187131140673967	0.2908584189219603	H3C13	1
REACTOME_PKMTS_METHYLATE_HISTONE_LYSINES	PKMTs methylate histone lysines	1/26	70/11369	0.014285714285714285	6.246703296703297	2.108046863974819	0.14850075558106202	0.3187131140673967	0.2908584189219603	H3C13	1
REACTOME_REGULATION_OF_ENDOGENOUS_RETROELEMENTS_BY_THE_HUMAN_SILENCING_HUB_HUSH_COMPLEX	Regulation of endogenous retroelements by the Human Silencing Hub (HUSH) complex	1/26	70/11369	0.014285714285714285	6.246703296703297	2.108046863974819	0.14850075558106202	0.3187131140673967	0.2908584189219603	H3C13	1
REACTOME_RHOB_GTPASE_CYCLE	RHOB GTPase cycle	1/26	70/11369	0.014285714285714285	6.246703296703297	2.108046863974819	0.14850075558106202	0.3187131140673967	0.2908584189219603	SOWAHC	1
REACTOME_INTRACELLULAR_SIGNALING_BY_SECOND_MESSENGERS	Intracellular signaling by second messengers	2/26	303/11369	0.006600660066006601	2.8862655496318865	1.5932853198346764	0.15174251745944636	0.3187131140673967	0.2908584189219603	EGR1/SNAI1	2
REACTOME_AURKA_ACTIVATION_BY_TPX2	AURKA Activation by TPX2	1/26	72/11369	0.013888888888888888	6.073183760683761	2.067426210285877	0.1524151703075144	0.3187131140673967	0.2908584189219603	YWHAG	1
REACTOME_PRC2_METHYLATES_HISTONES_AND_DNA	PRC2 methylates histones and DNA	1/26	72/11369	0.013888888888888888	6.073183760683761	2.067426210285877	0.1524151703075144	0.3187131140673967	0.2908584189219603	H3C13	1
REACTOME_TRANS_GOLGI_NETWORK_VESICLE_BUDDING	trans-Golgi Network Vesicle Budding	1/26	72/11369	0.013888888888888888	6.073183760683761	2.067426210285877	0.1524151703075144	0.3187131140673967	0.2908584189219603	BLOC1S4	1
REACTOME_TRANSLOCATION_OF_SLC2A4_GLUT4_TO_THE_PLASMA_MEMBRANE	Translocation of SLC2A4 (GLUT4) to the plasma membrane	1/26	72/11369	0.013888888888888888	6.073183760683761	2.067426210285877	0.1524151703075144	0.3187131140673967	0.2908584189219603	YWHAG	1
REACTOME_CONDENSATION_OF_PROPHASE_CHROMOSOMES	Condensation of Prophase Chromosomes	1/26	73/11369	0.0136986301369863	5.989989462592201	2.0476864530989016	0.1543658833793038	0.3187131140673967	0.2908584189219603	H3C13	1
REACTOME_REGULATION_OF_MRNA_STABILITY_BY_PROTEINS_THAT_BIND_AU_RICH_ELEMENTS	Regulation of mRNA stability by proteins that bind AU-rich elements	1/26	74/11369	0.013513513513513514	5.909043659043659	2.0283102119038112	0.15631227918597312	0.3187131140673967	0.2908584189219603	EXOSC6	1
REACTOME_RHOG_GTPASE_CYCLE	RHOG GTPase cycle	1/26	74/11369	0.013513513513513514	5.909043659043659	2.0283102119038112	0.15631227918597312	0.3187131140673967	0.2908584189219603	STBD1	1
REACTOME_ERCC6_CSB_AND_EHMT2_G9A_POSITIVELY_REGULATE_RRNA_EXPRESSION	ERCC6 (CSB) and EHMT2 (G9a) positively regulate rRNA expression	1/26	75/11369	0.013333333333333334	5.8302564102564105	2.009285572932409	0.15825436690099404	0.3187131140673967	0.2908584189219603	H3C13	1
REACTOME_EXTRA_NUCLEAR_ESTROGEN_SIGNALING	Extra-nuclear estrogen signaling	1/26	75/11369	0.013333333333333334	5.8302564102564105	2.009285572932409	0.15825436690099404	0.3187131140673967	0.2908584189219603	GNG11	1
REACTOME_EPIGENETIC_REGULATION_OF_GENE_EXPRESSION	Epigenetic regulation of gene expression	2/26	317/11369	0.006309148264984227	2.75879640863868	1.5205107800569	0.16299313190780085	0.3187131140673967	0.2908584189219603	PAGR1/H3C13	2
REACTOME_SIGNALING_BY_WNT	Signaling by WNT	2/26	317/11369	0.006309148264984227	2.75879640863868	1.5205107800569	0.16299313190780085	0.3187131140673967	0.2908584189219603	H3C13/GNG11	2
REACTOME_INTERFERON_ALPHA_BETA_SIGNALING	Interferon alpha/beta signaling	1/26	78/11369	0.01282051282051282	5.606015779092702	1.954210126706061	0.16405487295087973	0.3187131140673967	0.2908584189219603	EGR1	1
REACTOME_REGULATION_OF_INSULIN_SECRETION	Regulation of insulin secretion	1/26	78/11369	0.01282051282051282	5.606015779092702	1.954210126706061	0.16405487295087973	0.3187131140673967	0.2908584189219603	GNG11	1
REACTOME_RMTS_METHYLATE_HISTONE_ARGININES	RMTs methylate histone arginines	1/26	78/11369	0.01282051282051282	5.606015779092702	1.954210126706061	0.16405487295087973	0.3187131140673967	0.2908584189219603	H3C13	1
REACTOME_RHO_GTPASE_EFFECTORS	RHO GTPase Effectors	2/26	323/11369	0.006191950464396285	2.707549416527745	1.490516414629933	0.16786390631901002	0.3187131140673967	0.2908584189219603	YWHAG/H3C13	2
REACTOME_G_ALPHA_12_13_SIGNALLING_EVENTS	G alpha (12/13) signalling events	1/26	80/11369	0.0125	5.465865384615385	1.919055899350653	0.1679005038672119	0.3187131140673967	0.2908584189219603	GNG11	1
REACTOME_RECRUITMENT_OF_MITOTIC_CENTROSOME_PROTEINS_AND_COMPLEXES	Recruitment of mitotic centrosome proteins and complexes	1/26	81/11369	0.012345679012345678	5.398385565052232	1.9019191298708706	0.16981693463162417	0.3187131140673967	0.2908584189219603	YWHAG	1
REACTOME_RNA_POLYMERASE_II_TRANSCRIBES_SNRNA_GENES	RNA polymerase II transcribes snRNA genes	1/26	81/11369	0.012345679012345678	5.398385565052232	1.9019191298708706	0.16981693463162417	0.3187131140673967	0.2908584189219603	INTS5	1
REACTOME_TP53_REGULATES_METABOLIC_GENES	TP53 Regulates Metabolic Genes	1/26	84/11369	0.011904761904761904	5.205586080586079	1.85216694120317	0.1755407966162218	0.3187131140673967	0.2908584189219603	YWHAG	1
REACTOME_TRANSPORT_OF_BILE_SALTS_AND_ORGANIC_ACIDS_METAL_IONS_AND_AMINE_COMPOUNDS	Transport of bile salts and organic acids, metal ions and amine compounds	1/26	84/11369	0.011904761904761904	5.205586080586079	1.85216694120317	0.1755407966162218	0.3187131140673967	0.2908584189219603	SLC30A1	1
REACTOME_PLATELET_HOMEOSTASIS	Platelet homeostasis	1/26	86/11369	0.011627906976744186	5.0845259391771025	1.8203015143522365	0.17933560270273985	0.3187131140673967	0.2908584189219603	GNG11	1
REACTOME_REGULATION_OF_PLK1_ACTIVITY_AT_G2_M_TRANSITION	Regulation of PLK1 Activity at G2/M Transition	1/26	87/11369	0.011494252873563218	5.026083112290009	1.8047375520534739	0.18122670208497282	0.3187131140673967	0.2908584189219603	YWHAG	1
REACTOME_MEIOTIC_RECOMBINATION	Meiotic recombination	1/26	88/11369	0.011363636363636364	4.968968531468532	1.7894102982326157	0.18311361094384426	0.3187131140673967	0.2908584189219603	H3C13	1
REACTOME_RAC2_GTPASE_CYCLE	RAC2 GTPase cycle	1/26	88/11369	0.011363636363636364	4.968968531468532	1.7894102982326157	0.18311361094384426	0.3187131140673967	0.2908584189219603	STBD1	1
REACTOME_TRANSCRIPTIONAL_REGULATION_OF_GRANULOPOIESIS	Transcriptional regulation of granulopoiesis	1/26	89/11369	0.011235955056179775	4.91313742437338	1.7743132426727204	0.18499633819457195	0.3187131140673967	0.2908584189219603	H3C13	1
REACTOME_B_WICH_COMPLEX_POSITIVELY_REGULATES_RRNA_EXPRESSION	B-WICH complex positively regulates rRNA expression	1/26	90/11369	0.011111111111111112	4.858547008547008	1.7594401263617372	0.18687489273419466	0.3187131140673967	0.2908584189219603	H3C13	1
REACTOME_CELL_CELL_JUNCTION_ORGANIZATION	Cell-cell junction organization	1/26	90/11369	0.011111111111111112	4.858547008547008	1.7594401263617372	0.18687489273419466	0.3187131140673967	0.2908584189219603	SNAI1	1
REACTOME_OPIOID_SIGNALLING	Opioid Signalling	1/26	90/11369	0.011111111111111112	4.858547008547008	1.7594401263617372	0.18687489273419466	0.3187131140673967	0.2908584189219603	GNG11	1
REACTOME_RNA_POLYMERASE_I_PROMOTER_ESCAPE	RNA Polymerase I Promoter Escape	1/26	90/11369	0.011111111111111112	4.858547008547008	1.7594401263617372	0.18687489273419466	0.3187131140673967	0.2908584189219603	H3C13	1
REACTOME_FORMATION_OF_THE_BETA_CATENIN_TCF_TRANSACTIVATING_COMPLEX	Formation of the beta-catenin:TCF transactivating complex	1/26	91/11369	0.01098901098901099	4.805156382079459	1.74478492910979	0.18874928344160735	0.3187131140673967	0.2908584189219603	H3C13	1
REACTOME_UNFOLDED_PROTEIN_RESPONSE_UPR	Unfolded Protein Response (UPR)	1/26	93/11369	0.010752688172043012	4.701819685690654	1.7161053359627925	0.1924856087848873	0.3187131140673967	0.2908584189219603	EXOSC6	1
REACTOME_CLASS_B_2_SECRETIN_FAMILY_RECEPTORS	Class B/2 (Secretin family receptors)	1/26	94/11369	0.010638297872340425	4.651800327332242	1.702069992401197	0.19434756108815	0.3187131140673967	0.2908584189219603	GNG11	1
REACTOME_HDACS_DEACETYLATE_HISTONES	HDACs deacetylate histones	1/26	94/11369	0.010638297872340425	4.651800327332242	1.702069992401197	0.19434756108815	0.3187131140673967	0.2908584189219603	H3C13	1
REACTOME_RAC3_GTPASE_CYCLE	RAC3 GTPase cycle	1/26	94/11369	0.010638297872340425	4.651800327332242	1.702069992401197	0.19434756108815	0.3187131140673967	0.2908584189219603	STBD1	1
REACTOME_RECRUITMENT_OF_NUMA_TO_MITOTIC_CENTROSOMES	Recruitment of NuMA to mitotic centrosomes	1/26	95/11369	0.010526315789473684	4.602834008097166	1.688230652531573	0.19620538489406625	0.3187131140673967	0.2908584189219603	YWHAG	1
REACTOME_G2_M_DNA_DAMAGE_CHECKPOINT	G2/M DNA damage checkpoint	1/26	96/11369	0.010416666666666666	4.55488782051282	1.674582328691136	0.19805908899134794	0.3187131140673967	0.2908584189219603	YWHAG	1
REACTOME_RUNX1_REGULATES_GENES_INVOLVED_IN_MEGAKARYOCYTE_DIFFERENTIATION_AND_PLATELET_FUNCTION	RUNX1 regulates genes involved in megakaryocyte differentiation and platelet function	1/26	96/11369	0.010416666666666666	4.55488782051282	1.674582328691136	0.19805908899134794	0.3187131140673967	0.2908584189219603	H3C13	1
REACTOME_ANCHORING_OF_THE_BASAL_BODY_TO_THE_PLASMA_MEMBRANE	Anchoring of the basal body to the plasma membrane	1/26	97/11369	0.010309278350515464	4.507930214115781	1.6611202115999826	0.19990868215077562	0.3187131140673967	0.2908584189219603	YWHAG	1
REACTOME_REGULATION_OF_ENDOGENOUS_RETROELEMENTS_BY_PIWI_INTERACTING_RNAS_PIRNAS	Regulation of endogenous retroelements by Piwi-interacting RNAs (piRNAs)	1/26	97/11369	0.010309278350515464	4.507930214115781	1.6611202115999826	0.19990868215077562	0.3187131140673967	0.2908584189219603	H3C13	1
REACTOME_PROTEIN_FOLDING	Protein folding	1/26	98/11369	0.01020408163265306	4.46193092621664	1.6478396622015568	0.2017541731252328	0.3187131140673967	0.2908584189219603	GNG11	1
REACTOME_SARS_COV_1_HOST_INTERACTIONS	SARS-CoV-1-host interactions	1/26	98/11369	0.01020408163265306	4.46193092621664	1.6478396622015568	0.2017541731252328	0.3187131140673967	0.2908584189219603	YWHAG	1
REACTOME_CELLULAR_RESPONSES_TO_MECHANICAL_STIMULI	Cellular responses to mechanical stimuli	1/26	103/11369	0.009708737864077669	4.245332337565347	1.5840090427670463	0.21092040032555248	0.32754675441610975	0.29892002213734786	GNG11	1
REACTOME_POTASSIUM_CHANNELS	Potassium Channels	1/26	103/11369	0.009708737864077669	4.245332337565347	1.5840090427670463	0.21092040032555248	0.32754675441610975	0.29892002213734786	GNG11	1
REACTOME_DISEASES_OF_PROGRAMMED_CELL_DEATH	Diseases of programmed cell death	1/26	104/11369	0.009615384615384616	4.2045118343195265	1.5717290918765676	0.212741461002948	0.32754675441610975	0.29892002213734786	H3C13	1
REACTOME_POSITIVE_EPIGENETIC_REGULATION_OF_RRNA_EXPRESSION	Positive epigenetic regulation of rRNA expression	1/26	105/11369	0.009523809523809525	4.164468864468865	1.5596024042080856	0.21455848026738866	0.32754675441610975	0.29892002213734786	H3C13	1
REACTOME_TRANSCRIPTIONAL_REGULATION_BY_SMALL_RNAS	Transcriptional regulation by small RNAs	1/26	106/11369	0.009433962264150943	4.1251814223512335	1.5476254573987471	0.21637146672983965	0.32754675441610975	0.29892002213734786	H3C13	1
REACTOME_REGULATION_OF_ENDOGENOUS_RETROELEMENTS_BY_KRAB_ZFP_PROTEINS	Regulation of endogenous retroelements by KRAB-ZFP proteins	1/26	107/11369	0.009345794392523364	4.086628324946082	1.535794843127292	0.21818042898368173	0.32754675441610975	0.29892002213734786	H3C13	1
REACTOME_INTEGRATION_OF_ENERGY_METABOLISM	Integration of energy metabolism	1/26	108/11369	0.009259259259259259	4.0487891737891735	1.5241072623848977	0.21998537560474574	0.32754675441610975	0.29892002213734786	GNG11	1
REACTOME_NEGATIVE_EPIGENETIC_REGULATION_OF_RRNA_EXPRESSION	Negative epigenetic regulation of rRNA expression	1/26	108/11369	0.009259259259259259	4.0487891737891735	1.5241072623848977	0.21998537560474574	0.32754675441610975	0.29892002213734786	H3C13	1
REACTOME_AMYLOID_FIBER_FORMATION	Amyloid fiber formation	1/26	110/11369	0.00909090909090909	3.975174825174825	1.5011485252918668	0.22358325616431896	0.32754675441610975	0.29892002213734786	H3C13	1
REACTOME_RNA_POLYMERASE_I_TRANSCRIPTION	RNA Polymerase I Transcription	1/26	110/11369	0.00909090909090909	3.975174825174825	1.5011485252918668	0.22358325616431896	0.32754675441610975	0.29892002213734786	H3C13	1
REACTOME_INTERLEUKIN_4_AND_INTERLEUKIN_13_SIGNALING	Interleukin-4 and Interleukin-13 signaling	1/26	111/11369	0.009009009009009009	3.93936243936244	1.4898712781733165	0.22537620716704798	0.32754675441610975	0.29892002213734786	NDN	1
REACTOME_SENESCENCE_ASSOCIATED_SECRETORY_PHENOTYPE_SASP	Senescence-Associated Secretory Phenotype (SASP)	1/26	111/11369	0.009009009009009009	3.93936243936244	1.4898712781733165	0.22537620716704798	0.32754675441610975	0.29892002213734786	H3C13	1
REACTOME_HCMV_LATE_EVENTS	HCMV Late Events	1/26	116/11369	0.008620689655172414	3.7695623342175066	1.4353926556685128	0.23428140912855366	0.3341495479430056	0.3049457487263547	H3C13	1
REACTOME_RUNX1_REGULATES_TRANSCRIPTION_OF_GENES_INVOLVED_IN_DIFFERENTIATION_OF_HSCS	RUNX1 regulates transcription of genes involved in differentiation of HSCs	1/26	116/11369	0.008620689655172414	3.7695623342175066	1.4353926556685128	0.23428140912855366	0.3341495479430056	0.3049457487263547	H3C13	1
REACTOME_M_PHASE	M Phase	2/26	404/11369	0.0049504950495049506	2.1646991622239145	1.1412081591948424	0.2356786985907934	0.3341495479430056	0.3049457487263547	YWHAG/H3C13	2
REACTOME_CELL_JUNCTION_ORGANIZATION	Cell junction organization	1/26	117/11369	0.008547008547008548	3.737343852728469	1.4248599007586629	0.2360505980881783	0.3341495479430056	0.3049457487263547	SNAI1	1
REACTOME_SELENOAMINO_ACID_METABOLISM	Selenoamino acid metabolism	1/26	118/11369	0.00847457627118644	3.705671447196871	1.414442314719562	0.23781585621559664	0.33447649454838757	0.3052441210509186	SEPHS2	1
REACTOME_GASTRULATION	Gastrulation	1/26	119/11369	0.008403361344537815	3.674531351001939	1.404137548007652	0.23957719189583748	0.33479376816213186	0.3055336657780923	SNAI1	1
REACTOME_MEIOSIS	Meiosis	1/26	120/11369	0.008333333333333333	3.643910256410256	1.3939433187888226	0.24133461349678953	0.33510156523758033	0.30581456219170783	H3C13	1
REACTOME_PRE_NOTCH_EXPRESSION_AND_PROCESSING	Pre-NOTCH Expression and Processing	1/26	124/11369	0.008064516129032258	3.5263647642679903	1.3542283729075217	0.24832532586732914	0.34262608252580856	0.3126814562886423	H3C13	1
REACTOME_OXIDATIVE_STRESS_INDUCED_SENESCENCE	Oxidative Stress Induced Senescence	1/26	125/11369	0.008	3.498153846153846	1.3445548043748887	0.2500633019924914	0.34285408700857306	0.31288953377412027	H3C13	1
REACTOME_GLYCOSAMINOGLYCAN_METABOLISM	Glycosaminoglycan metabolism	1/26	127/11369	0.007874015748031496	3.4430648092065415	1.3255002025071634	0.2535276698013701	0.34543145010436677	0.315241642055651	B3GALT6	1
REACTOME_MATERNAL_TO_ZYGOTIC_TRANSITION_MZT	Maternal to zygotic transition (MZT)	1/26	128/11369	0.0078125	3.4161658653846154	1.3161154755811644	0.2552540779658572	0.34562353414010477	0.31541693844751234	H3C13	1
REACTOME_ANTI_INFLAMMATORY_RESPONSE_FAVOURING_LEISHMANIA_PARASITE_INFECTION	Anti-inflammatory response favouring Leishmania parasite infection	1/26	133/11369	0.007518796992481203	3.287738577212261	1.2705480418401898	0.26382868948947646	0.35285063993071086	0.32201241403623543	GNG11	1
REACTOME_BETA_CATENIN_INDEPENDENT_WNT_SIGNALING	Beta-catenin independent WNT signaling	1/26	133/11369	0.007518796992481203	3.287738577212261	1.2705480418401898	0.26382868948947646	0.35285063993071086	0.32201241403623543	GNG11	1
REACTOME_SIGNALING_BY_NTRKS	Signaling by NTRKs	1/26	134/11369	0.007462686567164179	3.263203214695752	1.2616943334134705	0.2655321830880235	0.3529635116657874	0.3221154210759721	EGR1	1
REACTOME_HCMV_EARLY_EVENTS	HCMV Early Events	1/26	138/11369	0.007246376811594203	3.1686176142697886	1.227094616913879	0.27230833242597363	0.3578076940831463	0.32653623458094955	H3C13	1
REACTOME_GENE_SILENCING_BY_RNA	Gene Silencing by RNA	1/26	139/11369	0.007194244604316547	3.1458218040951853	1.218641367230695	0.27399295386279343	0.3578076940831463	0.32653623458094955	H3C13	1
REACTOME_RHO_GTPASE_CYCLE	RHO GTPase cycle	2/26	450/11369	0.0044444444444444444	1.9434188034188034	0.9776515480301168	0.2751153454617552	0.3578076940831463	0.32653623458094955	SOWAHC/STBD1	2
REACTOME_HATS_ACETYLATE_HISTONES	HATs acetylate histones	1/26	142/11369	0.007042253521126761	3.0793607800650054	1.193732174560631	0.2790243485969489	0.3578076940831463	0.32653623458094955	H3C13	1
REACTOME_MITOTIC_PROPHASE	Mitotic Prophase	1/26	142/11369	0.007042253521126761	3.0793607800650054	1.193732174560631	0.2790243485969489	0.3578076940831463	0.32653623458094955	H3C13	1
REACTOME_REGULATION_OF_ENDOGENOUS_RETROELEMENTS	Regulation of endogenous retroelements	1/26	142/11369	0.007042253521126761	3.0793607800650054	1.193732174560631	0.2790243485969489	0.3578076940831463	0.32653623458094955	H3C13	1
REACTOME_SARS_COV_1_INFECTION	SARS-CoV-1 Infection	1/26	143/11369	0.006993006993006993	3.0578267885960195	1.1855750651846197	0.28069401697999685	0.3578438345125106	0.32656921643102127	YWHAG	1
REACTOME_DISEASES_OF_GLYCOSYLATION	Diseases of glycosylation	1/26	144/11369	0.006944444444444444	3.0365918803418803	1.1774888939573385	0.2823599670564729	0.357874841966925	0.3265975139147698	B3GALT6	1
REACTOME_SIGNALING_BY_INTERLEUKINS	Signaling by Interleukins	2/26	461/11369	0.004338394793926247	1.8970465543133659	0.9413640758213689	0.2845694402998594	0.3585903929790136	0.32725052763415535	NDN/H3C13	2
REACTOME_DNA_REPLICATION_PRE_INITIATION	DNA Replication Pre-Initiation	1/26	149/11369	0.006711409395973154	2.9346928239545687	1.1380817704222548	0.2906342205226513	0.36204720042250277	0.3304052191204878	H3C13	1
REACTOME_ESTROGEN_DEPENDENT_GENE_EXPRESSION	Estrogen-dependent gene expression	1/26	149/11369	0.006711409395973154	2.9346928239545687	1.1380817704222548	0.2906342205226513	0.36204720042250277	0.3304052191204878	H3C13	1
REACTOME_CELL_CELL_COMMUNICATION	Cell-Cell communication	1/26	155/11369	0.0064516129032258064	2.8210918114143917	1.0929043515444898	0.30044227177231286	0.3717001598607763	0.33921453507333044	SNAI1	1
REACTOME_G2_M_CHECKPOINTS	G2/M Checkpoints	1/26	156/11369	0.00641025641025641	2.803007889546351	1.085584804393673	0.3020642176376527	0.3717001598607763	0.33921453507333044	YWHAG	1
REACTOME_G_ALPHA_S_SIGNALLING_EVENTS	G alpha (s) signalling events	1/26	157/11369	0.006369426751592357	2.78515433610975	1.078322807953376	0.3036825472855097	0.3717001598607763	0.33921453507333044	GNG11	1
REACTOME_REPRODUCTION	Reproduction	1/26	158/11369	0.006329113924050633	2.7675267770204477	1.0711174864926045	0.30529726845662775	0.3717001598607763	0.33921453507333044	H3C13	1
REACTOME_RESPIRATORY_ELECTRON_TRANSPORT	Respiratory electron transport	1/26	159/11369	0.006289308176100629	2.750120948234156	1.063967983233308	0.30690838887587035	0.3717001598607763	0.33921453507333044	HIGD2A	1
REACTOME_MITF_M_REGULATED_MELANOCYTE_DEVELOPMENT	MITF-M-regulated melanocyte development	1/26	161/11369	0.006211180124223602	2.7159579550883897	1.0498330958197153	0.3101198582789656	0.37337916776970304	0.3407468020689226	YWHAG	1
REACTOME_HCMV_INFECTION	HCMV Infection	1/26	162/11369	0.006172839506172839	2.699192782526116	1.0428460882082529	0.3117202226334218	0.37337916776970304	0.3407468020689226	H3C13	1
REACTOME_APOPTOSIS	Apoptosis	1/26	166/11369	0.006024096385542169	2.634151992585728	1.0154161448031354	0.31808605632601283	0.37892218731732674	0.3458053761611529	YWHAG	1
REACTOME_FACTORS_INVOLVED_IN_MEGAKARYOCYTE_DEVELOPMENT_AND_PLATELET_PRODUCTION	Factors involved in megakaryocyte development and platelet production	1/26	170/11369	0.0058823529411764705	2.572171945701357	0.9887798809672519	0.3243952573714767	0.3843378592770756	0.3507477325126378	H3C13	1
REACTOME_DNA_REPLICATION	DNA Replication	1/26	184/11369	0.005434782608695652	2.376463210702341	0.9011980970578533	0.3460384287411331	0.40776420251657847	0.37212667443569936	H3C13	1
REACTOME_MITOTIC_G2_G2_M_PHASES	Mitotic G2-G2/M phases	1/26	193/11369	0.0051813471502590676	2.2656436827421285	0.8490077489866715	0.35959815793885164	0.42146450769177235	0.3846296086612505	YWHAG	1
REACTOME_CELLULAR_SENESCENCE	Cellular Senescence	1/26	197/11369	0.005076142131979695	2.2196407653260444	0.8267311886012068	0.36553754729887455	0.42558017739929677	0.38838557956768277	H3C13	1
REACTOME_PROGRAMMED_CELL_DEATH	Programmed Cell Death	1/26	198/11369	0.005050505050505051	2.208430458430459	0.8212454430309554	0.36701409794067796	0.42558017739929677	0.38838557956768277	YWHAG	1
REACTOME_CILIUM_ASSEMBLY	Cilium Assembly	1/26	201/11369	0.004975124378109453	2.175468809797168	0.8049820131160013	0.37142395168274744	0.42612541893640216	0.3888831684161276	YWHAG	1
REACTOME_MITOTIC_PROMETAPHASE	Mitotic Prometaphase	1/26	204/11369	0.004901960784313725	2.143476621417798	0.7890013571232856	0.37580425678849316	0.42612541893640216	0.3888831684161276	YWHAG	1
REACTOME_SARS_COV_2_HOST_INTERACTIONS	SARS-CoV-2-host interactions	1/26	204/11369	0.004901960784313725	2.143476621417798	0.7890013571232856	0.37580425678849316	0.42612541893640216	0.3888831684161276	YWHAG	1
REACTOME_NEUROTRANSMITTER_RECEPTORS_AND_POSTSYNAPTIC_SIGNAL_TRANSMISSION	Neurotransmitter receptors and postsynaptic signal transmission	1/26	205/11369	0.004878048780487805	2.133020637898687	0.7837356058140128	0.37725782502167715	0.42612541893640216	0.3888831684161276	GNG11	1
REACTOME_RRNA_PROCESSING	rRNA processing	1/26	205/11369	0.004878048780487805	2.133020637898687	0.7837356058140128	0.37725782502167715	0.42612541893640216	0.3888831684161276	EXOSC6	1
REACTOME_G_ALPHA_Q_SIGNALLING_EVENTS	G alpha (q) signalling events	1/26	217/11369	0.004608294930875576	2.0150655795817087	0.7227903210397018	0.3944487423334525	0.44255177968308956	0.4038739080642391	GNG11	1
REACTOME_LEISHMANIA_INFECTION	Leishmania infection	1/26	218/11369	0.0045871559633027525	2.0058221594918844	0.7178889667889932	0.39586053687248834	0.44255177968308956	0.4038739080642391	GNG11	1
REACTOME_TCF_DEPENDENT_SIGNALING_IN_RESPONSE_TO_WNT	TCF dependent signaling in response to WNT	1/26	220/11369	0.004545454545454545	1.9875874125874124	0.7081637125264599	0.3986746372392861	0.44342383121512435	0.4046697445661927	H3C13	1
REACTOME_TRANSCRIPTIONAL_REGULATION_BY_RUNX1	Transcriptional regulation by RUNX1	1/26	224/11369	0.004464285714285714	1.9520947802197801	0.6890153500668907	0.4042650733985471	0.4473593198014379	0.4082612817115972	H3C13	1
REACTOME_NEDDYLATION	Neddylation	1/26	232/11369	0.004310344827586207	1.8847811671087533	0.6518692469870214	0.41529639785407	0.45724552895044074	0.41728346195863497	KBTBD6	1
REACTOME_SIGNALING_BY_NOTCH	Signaling by NOTCH	1/26	241/11369	0.004149377593360996	1.8143951484200447	0.61178648816722625	0.4274718642431702	0.46828576082920154	0.4273588063578903	H3C13	1
REACTOME_SLC_MEDIATED_TRANSMEMBRANE_TRANSPORT	SLC-mediated transmembrane transport	1/26	248/11369	0.004032258064516129	1.7631823821339951	0.5817642055031769	0.43677275336052346	0.4760823011629706	0.4344739493954681	SLC30A1	1
REACTOME_PLATELET_ACTIVATION_SIGNALING_AND_AGGREGATION	Platelet activation, signaling and aggregation	1/26	261/11369	0.0038314176245210726	1.675361037430003	0.5284489757377576	0.45366179902267356	0.4909754865709578	0.44806550923182537	GNG11	1
REACTOME_DISEASES_OF_METABOLISM	Diseases of metabolism	1/26	262/11369	0.003816793893129771	1.6689665296535525	0.5244708913429696	0.45494058847400676	0.4909754865709578	0.44806550923182537	B3GALT6	1
REACTOME_TRANSMISSION_ACROSS_CHEMICAL_SYNAPSES	Transmission across Chemical Synapses	1/26	270/11369	0.003703703703703704	1.6195156695156696	0.493238527237117	0.4650678046661888	0.4994324207745279	0.45578332943691824	GNG11	1
REACTOME_CELL_CYCLE_CHECKPOINTS	Cell Cycle Checkpoints	1/26	278/11369	0.0035971223021582736	1.5729109020475927	0.4630084023187297	0.47501396443501653	0.5076129619942824	0.4632489126843041	YWHAG	1
REACTOME_INTERFERON_SIGNALING	Interferon Signaling	1/26	280/11369	0.0035714285714285713	1.5616758241758242	0.4555995595765795	0.4774725798622116	0.5077513288290836	0.46337518661852634	EGR1	1
REACTOME_CHROMATIN_ORGANIZATION	Chromatin organization	1/26	287/11369	0.003484320557491289	1.5235861699276332	0.4301151919388967	0.4859908451265281	0.5130864704005883	0.46824405072772174	H3C13	1
REACTOME_METABOLISM_OF_CARBOHYDRATES_AND_CARBOHYDRATE_DERIVATIVES	Metabolism of carbohydrates and carbohydrate derivatives	1/26	288/11369	0.003472222222222222	1.5182959401709402	0.4265297359688698	0.48719678611432005	0.5130864704005883	0.46824405072772174	B3GALT6	1
REACTOME_ANTIGEN_PROCESSING_UBIQUITINATION_PROTEASOME_DEGRADATION	Antigen processing: Ubiquitination & Proteasome degradation	1/26	295/11369	0.003389830508474576	1.4822685788787484	0.4018023349351301	0.4955625214666256	0.5193704245805775	0.47397880369738843	KBTBD6	1
REACTOME_ORGANELLE_BIOGENESIS_AND_MAINTENANCE	Organelle biogenesis and maintenance	1/26	297/11369	0.003367003367003367	1.4722869722869723	0.3948534095900203	0.4979285263180766	0.5193704245805775	0.47397880369738843	YWHAG	1
REACTOME_SARS_COV_2_INFECTION	SARS-CoV-2 Infection	1/26	303/11369	0.0033003300330033004	1.4431327748159433	0.37430410844837514	0.5049626901670146	0.5241993640781389	0.47838570647401385	YWHAG	1
REACTOME_G_ALPHA_I_SIGNALLING_EVENTS	G alpha (i) signalling events	1/26	314/11369	0.0031847133757961785	1.392577168054875	0.33773434615517317	0.5176132970430748	0.5347853021582479	0.4880464611680775	GNG11	1
REACTOME_METABOLISM_OF_AMINO_ACIDS_AND_DERIVATIVES	Metabolism of amino acids and derivatives	1/26	352/11369	0.002840909090909091	1.242242132867133	0.22103145323640713	0.5589672023107881	0.5747870287912822	0.5245521411953276	SEPHS2	1
REACTOME_TRANSCRIPTIONAL_REGULATION_BY_TP53	Transcriptional Regulation by TP53	1/26	360/11369	0.002777777777777778	1.214636752136752	0.19812813109386265	0.5672280119609451	0.580543223509324	0.5298052595039221	YWHAG	1
REACTOME_CLASS_I_MHC_MEDIATED_ANTIGEN_PROCESSING_PRESENTATION	Class I MHC mediated antigen processing & presentation	1/26	373/11369	0.002680965147453083	1.172303567745927	0.16199293006585402	0.5803354285234628	0.5911828197108172	0.5395149827394711	KBTBD6	1
REACTOME_NEURONAL_SYSTEM	Neuronal System	1/26	411/11369	0.0024330900243309003	1.0639154033314617	0.0631866800257547	0.616497311044703	0.6250995991057918	0.5704675240511572	GNG11	1
REACTOME_GPCR_LIGAND_BINDING	GPCR ligand binding	1/26	463/11369	0.0021598272138228943	0.9444259843827878	-0.05845131256819306	0.6611589402988329	0.667280782338637	0.6089621818541883	GNG11	1
REACTOME_SARS_COV_INFECTIONS	SARS-CoV Infections	1/26	475/11369	0.002105263157894737	0.9205668016194332	-0.08466811861137015	0.6707312080284263	0.6730833344584279	0.6142576060484929	YWHAG	1
REACTOME_NEUTROPHIL_DEGRANULATION	Neutrophil degranulation	1/26	478/11369	0.0020920502092050207	0.9147891857096877	-0.09112541626627084	0.6730833344584279	0.6730833344584279	0.6142576060484929	STBD1	1
